alpha;tot_oil;tot_gas;W1_choke;W2_choke;W3_choke;W4_choke;W5_choke;W6_choke;W7_choke;W1_gas_mean;W2_gas_mean;W3_gas_mean;W4_gas_mean;W5_gas_mean;W6_gas_mean;W7_gas_mean;W1_oil_mean;W2_oil_mean;W3_oil_mean;W4_oil_mean;W5_oil_mean;W6_oil_mean;W7_oil_mean;W1_oil_var;W2_oil_var;W3_oil_var;W4_oil_var;W5_oil_var;W6_oil_var;W7_oil_var;W1_gas_var;W2_gas_var;W3_gas_var;W4_gas_var;W5_gas_var;W6_gas_var;W7_gas_var
inf;132.424895288757;250000.0;72.984095043383;0.0;65.7107375196977;0.0;51.38825107963625;62.60609298706054;55.00969260972296;41144.285800093436;0.0;53514.56281484113;2456.067201936158;46992.03764942001;51727.046533709276;54166.0;28.75337688060507;0.0;28.860433350685625;7.625397924541603;22.256729704388892;24.756635485738585;20.172321942797225;75.4965823708452;0.0;54.0175278006547;11.72107252219261;8.545440218829317;29.837344447387892;37.19796378614728;4450412.33654968;0.0;176884208.07119015;18846405.738635518;158242261.16087732;33415183.40323178;112294813.88672131
