;scenarios;mean time;std time;0;1;2;3;4;5;6;7;8;9
0;75.0;109.07951755523682;2.420703651996958;108.70251798629761;109.33456587791443;108.50305986404419;109.15258121490479;114.91825771331787;105.99415040016174;106.90041708946228;108.58276653289795;111.50953340530396;107.19732546806335
