mean_fit_time;mean_score_time;mean_test_score;mean_train_score;param_dropout;param_regu;params;rank_test_score;split0_test_score;split0_train_score;split1_test_score;split1_train_score;split2_test_score;split2_train_score;std_fit_time;std_score_time;std_test_score;std_train_score
2.771124839782715;0.7396705150604248;-6.738642691836251;-6.607322389724228;0.1;1e-06;{'dropout': 0.1, 'regu': 1e-06};2;-4.462287264132718;-4.4257929760334;-8.943632860796168;-8.560985231235298;-6.810172008645946;-6.835188961903984;0.22978076447084142;0.06293309157085025;1.830898585847633;1.6958569373442942
2.6669461727142334;0.7344745794932047;-5.83915152400162;-7.108799877227085;0.05;1e-06;{'dropout': 0.05, 'regu': 1e-06};1;-8.266310490599466;-12.269972140972431;-4.130320509639355;-3.9984220483957285;-5.11917224314021;-5.058005442313098;0.029465704741224973;0.012769733545259095;1.7640410593230218;3.6750468109678143
