mean_fit_time;mean_score_time;mean_test_score;mean_train_score;param_dropout;param_layers;param_neurons;param_regu;params;rank_test_score;split0_test_score;split0_train_score;split1_test_score;split1_train_score;split2_test_score;split2_train_score;std_fit_time;std_score_time;std_test_score;std_train_score
19.651180664698284;0.09605121612548828;-5.78318440529608;-4.388620626358758;0.05;3;10;1e-06;{'dropout': 0.05, 'layers': 3, 'neurons': 10, 'regu': 1e-06};3;-6.178597927093506;-4.063386917114258;-5.3477325439453125;-4.708721115475609;-5.783681392669678;-4.393753846486409;5.259724516835399;0.02375893145893401;0.3415361923354845;0.26348158614386596
22.190836270650227;0.16344277064005533;-5.668364909387404;-4.261311981413099;0.05;3;20;1e-06;{'dropout': 0.05, 'layers': 3, 'neurons': 20, 'regu': 1e-06};2;-5.943950176239014;-3.842453718185425;-5.289226531982422;-4.533402034214565;-5.744359493255615;-4.408080191839309;5.088391288711509;0.022613281117457057;0.2741926855067938;0.30056399712280935
23.53202764193217;0.3074479103088379;-5.529705924372519;-3.8671429119412863;0.05;3;40;1e-06;{'dropout': 0.05, 'layers': 3, 'neurons': 40, 'regu': 1e-06};1;-5.6698079109191895;-3.7202868461608887;-5.183403968811035;-4.0710128375462125;-5.721895694732666;-3.8101290521167575;5.808384758871446;0.11697297293613362;0.23992833308635456;0.14875060877718072
23.472848812739056;0.32315977414449054;-6.165791603826707;-4.606955944545685;0.05;4;10;1e-06;{'dropout': 0.05, 'layers': 4, 'neurons': 10, 'regu': 1e-06};6;-6.04564094543457;-4.051981449127197;-5.88785457611084;-5.53353332337879;-6.575894355773926;-4.235353061131069;5.850422319099743;0.025263248567394203;0.2903352107775642;0.6594520534737631
26.5337172349294;0.38990076382954914;-6.1528817453692035;-4.794069653465634;0.05;4;20;1e-06;{'dropout': 0.05, 'layers': 4, 'neurons': 20, 'regu': 1e-06};5;-5.8487443923950195;-3.8826847076416016;-6.026969909667969;-5.823328336079915;-6.613344669342041;-4.676195916675386;6.066488540545841;0.05209011546765731;0.32608596587938704;0.7966367162507757
28.877846082051594;0.532511313756307;-5.955824882753434;-3.9627936529734775;0.05;4;40;1e-06;{'dropout': 0.05, 'layers': 4, 'neurons': 40, 'regu': 1e-06};4;-5.9343109130859375;-3.7782459259033203;-5.290707588195801;-3.8364368166242326;-6.6446075439453125;-4.27369821639288;6.523160529301291;0.02415981952992711;0.5439733466721808;0.2211225611992592
