alpha;tot_oil;tot_gas;W1_choke;W2_choke;W3_choke;W4_choke;W5_choke;W6_choke;W7_choke;W1_gas_mean;W2_gas_mean;W3_gas_mean;W4_gas_mean;W5_gas_mean;W6_gas_mean;W7_gas_mean;W1_oil_mean;W2_oil_mean;W3_oil_mean;W4_oil_mean;W5_oil_mean;W6_oil_mean;W7_oil_mean;W1_oil_var;W2_oil_var;W3_oil_var;W4_oil_var;W5_oil_var;W6_oil_var;W7_oil_var;W1_gas_var;W2_gas_var;W3_gas_var;W4_gas_var;W5_gas_var;W6_gas_var;W7_gas_var
inf;118.11000440395188;225000.0;72.984;0.0;40.00000000000018;19.353398922230348;53.227000006625225;62.606;40.411327017110196;41144.26622340729;0.0;37635.61408411448;3411.55593455875;49407.43731105092;51727.00320315173;41674.12324371683;28.7533335595813;8.910441828824389e-13;18.384678221043142;7.075251039130736;23.185567341985458;24.75659893321673;15.954575308993608;75.49625274220784;0.0;23.636180104065645;3.753842230895695;9.087283579981918;29.837219179529683;25.310457436397975;4450429.807653155;0.0;78018941.8180488;5316153.273670967;169894139.81280932;33415134.216743425;64745128.9397376
