alpha;tot_oil;tot_gas;W1_choke;W2_choke;W3_choke;W4_choke;W5_choke;W6_choke;W7_choke;W1_gas_mean;W2_gas_mean;W3_gas_mean;W4_gas_mean;W5_gas_mean;W6_gas_mean;W7_gas_mean;W1_oil_mean;W2_oil_mean;W3_oil_mean;W4_oil_mean;W5_oil_mean;W6_oil_mean;W7_oil_mean;W1_oil_var;W2_oil_var;W3_oil_var;W4_oil_var;W5_oil_var;W6_oil_var;W7_oil_var;W1_gas_var;W2_gas_var;W3_gas_var;W4_gas_var;W5_gas_var;W6_gas_var;W7_gas_var
inf;115.04599293156862;204056.60196652863;72.98409504338316;0.0;65.71073751969772;0.0;56.85532414197268;62.606092987060556;0.0;41144.285800093625;0.0;53514.5628148412;2456.067201936159;54166.0;51727.046533709276;1048.6396159483588;28.75337688060512;0.0;28.860432951379263;7.625397924542412;25.01840284808884;24.75663548573859;0.03174684121440563;75.49658237084566;0.0;54.01752780065472;11.721072522194696;10.156479768220956;29.83734444738792;25.5259522179551;4450412.336549651;0.0;176884208.07119015;18846405.73863554;192886290.69538072;33415183.40323179;10450179.321187137
