alpha;tot_oil;tot_gas;W1_choke;W2_choke;W3_choke;W4_choke;W5_choke;W6_choke;W7_choke;W1_gas_mean;W2_gas_mean;W3_gas_mean;W4_gas_mean;W5_gas_mean;W6_gas_mean;W7_gas_mean;W1_oil_mean;W2_oil_mean;W3_oil_mean;W4_oil_mean;W5_oil_mean;W6_oil_mean;W7_oil_mean;W1_oil_var;W2_oil_var;W3_oil_var;W4_oil_var;W5_oil_var;W6_oil_var;W7_oil_var;W1_gas_var;W2_gas_var;W3_gas_var;W4_gas_var;W5_gas_var;W6_gas_var;W7_gas_var
inf;27.836974028120807;58762.57393019865;0.0;0.0;0.0;0.0;0.0;0.0;55.009692609723004;1334.135085468144;0.0;-3.888089850079268e-11;2456.067201936318;0.0;806.3716427942144;54166.00000000001;0.017983201489043192;-1.6479873021779667e-17;0.0;7.625397924541646;0.0;0.02127095929287714;20.17232194279724;1.8730812925547247;0.0;0.0;11.721072522192785;0.0;0.12654439147363908;37.197963786147305;29933449.48310239;0.0;0.0;18846405.73863381;0.0;6540609.10572868;112294813.88672146
0.67;12.025374674299343;30475.871412316686;0.0;0.0;0.0;0.0;0.0;0.0;31.334810249503448;0.0;0.0;0.0;2456.0672019363583;0.0;0.0;28019.804210380327;0.0;0.0;0.0;1.0;0.0;0.0;11.025374674299343;0.0;0.0;0.0;1.0;0.0;0.0;16.034680437076865;0.0;0.0;0.0;18846405.738635417;0.0;0.0;35181167.825206295
