alpha;tot_oil;tot_gas;W1_choke;W2_choke;W3_choke;W4_choke;W5_choke;W6_choke;W7_choke;W1_gas_mean;W2_gas_mean;W3_gas_mean;W4_gas_mean;W5_gas_mean;W6_gas_mean;W7_gas_mean;W1_oil_mean;W2_oil_mean;W3_oil_mean;W4_oil_mean;W5_oil_mean;W6_oil_mean;W7_oil_mean;W1_oil_var;W2_oil_var;W3_oil_var;W4_oil_var;W5_oil_var;W6_oil_var;W7_oil_var;W1_gas_var;W2_gas_var;W3_gas_var;W4_gas_var;W5_gas_var;W6_gas_var;W7_gas_var
inf;135.18656811504917;257173.9623505804;72.98409504338316;0.0;65.71073751969772;4.5585722124757655e-12;56.8553241419727;62.60609298706055;55.00969260972297;41144.28580009364;0.0;53514.56281484121;2456.067201936169;54166.0;51727.0465337094;54166.00000000001;28.75337688060513;0.0;28.86043295137926;7.625397924557081;25.018402929971884;24.75663548573859;20.17232194279723;75.49658237084569;0.0;54.01752780065473;11.721072522200137;10.156479768220963;29.837344447387874;37.197963786147284;4450412.336549653;0.0;176884208.0711902;18846405.738624442;192886290.6953808;33415183.40323178;112294813.88672133
