alpha;tot_oil;tot_gas;W1_choke;W2_choke;W3_choke;W4_choke;W5_choke;W6_choke;W7_choke;W1_gas_mean;W2_gas_mean;W3_gas_mean;W4_gas_mean;W5_gas_mean;W6_gas_mean;W7_gas_mean;W1_oil_mean;W2_oil_mean;W3_oil_mean;W4_oil_mean;W5_oil_mean;W6_oil_mean;W7_oil_mean;W1_oil_var;W2_oil_var;W3_oil_var;W4_oil_var;W5_oil_var;W6_oil_var;W7_oil_var;W1_gas_var;W2_gas_var;W3_gas_var;W4_gas_var;W5_gas_var;W6_gas_var;W7_gas_var
inf;119.15914295699433;224999.99999999997;72.98400000000024;0.0;40.00000000000018;13.75493632327689;56.85532414197269;62.606;38.114478218905745;41144.266223407154;9.458744898438454e-11;37635.61408278849;695.9097970381208;54166.0;51727.00320315162;39631.20669361451;28.753333559581726;0.0;18.384678221249633;6.60835483210364;25.01840284808884;24.756598933216303;15.637774562754187;75.49625274220868;0.0;23.636180104065648;4.35998990820451;10.15647976822096;29.837219179529683;23.440124452896995;4450429.8076531105;-1.5631940186722204e-06;78018941.8180488;0.0;192886290.69538072;33415134.216743425;57263850.57109985
