alpha;tot_oil;tot_gas;W1_choke;W2_choke;W3_choke;W4_choke;W5_choke;W6_choke;W7_choke;W1_gas_mean;W2_gas_mean;W3_gas_mean;W4_gas_mean;W5_gas_mean;W6_gas_mean;W7_gas_mean;W1_oil_mean;W2_oil_mean;W3_oil_mean;W4_oil_mean;W5_oil_mean;W6_oil_mean;W7_oil_mean;W1_oil_var;W2_oil_var;W3_oil_var;W4_oil_var;W5_oil_var;W6_oil_var;W7_oil_var;W1_gas_var;W2_gas_var;W3_gas_var;W4_gas_var;W5_gas_var;W6_gas_var;W7_gas_var
inf;119.50212431649675;225000.00000000003;72.98400000000031;0.0;56.00000000000003;13.514400000000002;50.52022274234558;62.605999999999995;35.27470030111926;41144.26622340722;0.0;49475.076976820834;641.8675768497751;45849.52605956879;51727.00320315174;36162.25996020166;28.753333559581733;0.0;22.66136377677302;6.590071638225932;21.81824808205324;24.756598933216303;14.922508326646522;75.49625274220824;0.0;41.551661332159455;4.4247200828343995;8.289649237910858;29.837219179529676;21.06894977496415;4450429.807653095;-1.2292389328649733e-06;136291735.97745532;0.0;152741694.585125;33415134.216743425;48014147.6195257
