scenarios;tot_cap;indiv_cap;tot_oil;tot_gas;W1_choke;W2_choke;W3_choke;W4_choke;W5_choke;W6_choke;W7_choke;W1_gas_mean;W2_gas_mean;W3_gas_mean;W4_gas_mean;W5_gas_mean;W6_gas_mean;W7_gas_mean;W1_oil_mean;W2_oil_mean;W3_oil_mean;W4_oil_mean;W5_oil_mean;W6_oil_mean;W7_oil_mean
10.0;275000.0;100000.0;111.58869949873167;241217.03338041352;56.133919264140886;26.178172999040385;40.40415563251172;31.026187235088578;42.55889797178667;48.150840759277344;38.99923669188902;37654.35125739075;21246.65108372261;39899.97921063359;28117.239269109326;34912.145110274454;43086.364637815226;36300.30281146755;21.073022528989412;5.21662356063364;18.495077836574193;14.523503463495992;17.345466596792374;19.074383289866304;15.86062222237976
1.0;275000.0;100000.0;119.96157300459683;275000.0;56.13391926414089;33.169024752325264;40.40415563251172;39.7965073063234;42.5588979717867;48.150840759277344;36.500631503354434;37844.667111203096;38593.82272685078;37750.248706487;39255.02416298693;38640.78174824706;44850.89390695052;38064.561637274615;21.073022528989416;10.34911912389781;18.4950778365742;18.39321510065404;17.345466596792374;19.074383289866304;15.231288527822672
