scenarios;tot_cap;indiv_cap;tot_oil;tot_gas;W1_choke;W2_choke;W3_choke;W4_choke;W5_choke;W6_choke;W7_choke;W1_gas_mean;W2_gas_mean;W3_gas_mean;W4_gas_mean;W5_gas_mean;W6_gas_mean;W7_gas_mean;W1_oil_mean;W2_oil_mean;W3_oil_mean;W4_oil_mean;W5_oil_mean;W6_oil_mean;W7_oil_mean;W1_changed;W2_changed;W3_changed;W4_changed;W5_changed;W6_changed;W7_changed
1.0;250000.0;54166.0;124.58568907016459;250000.00000000003;67.36070311696906;18.54303372473085;60.64683463356711;25.111585853608283;54.164829589364146;57.78100891113281;37.058112848243674;40564.59366276003;65.58472999996593;51161.62714231755;12014.897763717407;54166.0;53294.16429478034;38733.1324064247;26.20377729189466;0.448699626445148;25.577065362278688;9.517312289441614;24.85112327909097;22.859925227373967;15.127785993639549;1.0;1.0;1.0;1.0;1.0;1.0;1.0
1.0;250000.0;54166.0;124.58568907016459;250000.00000000003;67.36070311696906;18.54303372473085;60.64683463356711;25.111585853608283;54.164829589364146;57.78100891113281;37.058112848243674;40564.59366276003;65.58472999996593;51161.62714231755;12014.897763717407;54166.0;53294.16429478034;38733.1324064247;26.20377729189466;0.448699626445148;25.577065362278688;9.517312289441614;24.85112327909097;22.859925227373967;15.127785993639549;1.0;1.0;1.0;1.0;1.0;1.0;1.0
1.0;250000.0;54166.0;76.63722139520563;145913.3744977883;67.36070311696906;0.0;60.64683463356711;0.0;54.16482958936415;0.0;0.0;40564.593662760024;-1.892885848064907e-11;51161.62714231749;0.0;54166.0;0.0;21.153692710800698;26.20377729189465;0.0;25.57706536227858;0.0;24.85112327909097;1.1375912089883755e-05;0.005244086029332573;1.0;0.0;1.0;0.0;1.0;0.0;0.0
