scenarios;tot_cap;indiv_cap;tot_oil;tot_gas;W1_choke;W2_choke;W3_choke;W4_choke;W5_choke;W6_choke;W7_choke;W1_gas_mean;W2_gas_mean;W3_gas_mean;W4_gas_mean;W5_gas_mean;W6_gas_mean;W7_gas_mean;W1_oil_mean;W2_oil_mean;W3_oil_mean;W4_oil_mean;W5_oil_mean;W6_oil_mean;W7_oil_mean;W1_gas_var;W2_gas_var;W3_gas_var;W4_gas_var;W5_gas_var;W6_gas_var;W7_gas_var;W1_changed;W2_changed;W3_changed;W4_changed;W5_changed;W6_changed;W7_changed
10.0;250000.0;54166.0;117.1441040474199;229040.21635940048;67.36070311696905;0.0;40.40415563251172;39.7965073063234;45.49179785134313;50.16192670895627;35.27470030111926;40334.17418985814;-3.0027536013221834e-11;32111.05530418993;36328.318674150636;37082.85591414799;48228.595530137514;34955.21674691631;26.19022007923332;0.0;18.495077836574197;18.39321510065404;19.278156477277868;19.864926227033962;14.922508326646522;2791.7404410045406;4607.570500712228;8954.185092722351;8353.768799019967;10733.58090623696;5167.416097926332;6438.812384825916;1.0;1.0;1.0;1.0;1.0;1.0;1.0
1.0;250000.0;54166.0;74.5395481453836;168235.04468928857;67.36070311696906;0.0;60.64683463356711;0.0;0.0;57.33215017471826;0.0;39986.00021377197;1490.9771346924508;51404.565549826264;0.0;13644.17571258861;54166.0;7543.32607840928;26.190220079233335;0.005224458058412811;25.627775882754356;0.0;0.0010931134235452698;22.68348777069989;0.03174684121407678;1.0;0.0;1.0;0.0;0.0;1.0;0.0
