;infeasible count;oil output;gas output;W1_choke_final;W2_choke_final;W3_choke_final;W4_choke_final;W5_choke_final;W6_choke_final;W7_choke_final
0;0.0;122.07425196457038;246284.4738219145;72.97409504338323;0.0;40.0;28.395;52.263237771605986;59.78;46.68229967821568
1;0.0;121.16155018075678;246124.60837456054;72.97409504338323;0.0;40.0;39.753;38.6;59.78;45.16587257293999
