;infeasible count;oil output;gas output;W1_choke_final;W2_choke_final;W3_choke_final;W4_choke_final;W5_choke_final;W6_choke_final;W7_choke_final
0;1.0;124.65105424837422;247294.63143434806;72.98409504338316;0.0;65.71073751969772;0.0;53.235891229978606;62.60609298706055;47.83984184122388
1;2.0;89.04782274675374;149933.48999008298;72.98409504338316;0.0;62.55630762778932;20.0;56.861433061731546;0.0;0.0
