;infeasible_count;total_oil
0;2.0;18.7451173584474
1;2.0;18.7451173584474
2;2.0;18.7451173584474
3;1.0;37.13833245910145
4;2.0;18.7451173584474
