;scenarios;oil mean;oil std
0;10.0;139.7792129934432;3.2341562001378366
1;20.0;138.0582951130368;3.396135686653572
2;30.0;137.47700140847007;3.2076478783936486
3;40.0;136.6728376239924;3.809716827572738
4;50.0;136.15243376499305;3.7986341250206315
5;100.0;133.50374687089274;4.519724725153113
6;150.0;131.92226890838865;4.509966508996758
7;200.0;130.54077735414228;4.782844770523315
8;500.0;127.04167916940996;3.599291553132976
