name;tot_cap;indiv_cap;tot_oil;tot_gas;W1_choke;W2_choke;W3_choke;W4_choke;W5_choke;W6_choke;W7_choke;W1_gas_mean;W2_gas_mean;W3_gas_mean;W4_gas_mean;W5_gas_mean;W6_gas_mean;W7_gas_mean;W1_oil_mean;W2_oil_mean;W3_oil_mean;W4_oil_mean;W5_oil_mean;W6_oil_mean;W7_oil_mean
zero;250000;54166;0;0;0;0;0;0;0;0;0;0;0;0;0;0;0;0;0;0;0;0;0;0;0
under_cap;250000;54166;113.8865708578594;242339.1032065078;72.984; 47.067; 0.0; 0.0; 47.84; 62.6; 50.34;39942.14066063432; 53520.26643866578; 0.0; 0.0; 50477.35250528395; 47852.04970749009; 50547.29389443364;0.0;10.178348104810444;0.0;15.33030090015905;13.43300855636419;17.10203400834419;13.359174943191373
w2_off;265000;54166;0;264968.390761;67.36;26.959;56.179;23.773;53.227;57.781;53.429;38615.85288;21830.576902;42377.248098;9761.626356;57257.797622;45162.580649;49962.708254;;;;;;;
over_cap;265000;54166;98.7931506182845;263052.9466158647;0; 41.55; 52.85;0; 47.12; 62.596; 55.332;0.0; 48688.246580386876; 53935.91564211472; 0.0; 53174.59453148748; 51776.54392553553; 55477.64593634011;;;;;;;
