name;tot_cap;indiv_cap;tot_oil;tot_gas;W1_choke;W2_choke;W3_choke;W4_choke;W5_choke;W6_choke;W7_choke;W1_gas_mean;W2_gas_mean;W3_gas_mean;W4_gas_mean;W5_gas_mean;W6_gas_mean;W7_gas_mean;W1_oil_mean;W2_oil_mean;W3_oil_mean;W4_oil_mean;W5_oil_mean;W6_oil_mean;W7_oil_mean
W3_off;250000;54166;93.63602599974753;215450.66921712935;56.1339192641409;33.169024752325264;0;31.02618723508857;36.973805023162946;43.770826037439676;35.274700301119246;38095.19007334912;39157.75639561844;0.0;26064.788195793164;34680.484342818585;41807.042028982716;35645.40818056733;21.073022528989405;10.349119163844847;0.0;14.52350346349599;15.415240454688595;17.352632062082172;14.922508326646517
80_oil_cap;250000;54166;80.0;172463.57531805523;55.428306060073425;0;37.08746775199745;38.41688735003815;34.382984863960736;0;33.22927154701434;38016.08418506444;0.0;35695.75204563213;37524.63029034042;29433.272242982675;0.0;31793.836554035577;20.751402178352294;0.0;16.456375763105136;16.95163589110848;13.061689663138376;0.0;12.778896504295721
100_oil_cap;250000;54166;100.00000000000001;216422.9455319203;56.13391926414087;0;37.498281506080176;31.812048709709813;38.9152310786648;41.03131793472161;35.79128342118828;38095.19007334914;0.0;36420.97353311203;26992.977168699992;38095.181646798446;40379.442633461134;36439.18047649953;21.0730225289894;0.0;16.746871804118708;14.627226681882691;16.22450500787294;16.275751791369196;15.052622185767074
normal;250000;54166;101.05058292963142;216212.72773303612;56.1339192641409;0;37.49828150608016;31.02618723508857;39.551694419106084;43.7708260374397;35.3212870006472;38095.19007334914;0.0;36420.973533112;26064.788195793204;38107.74143981105;41807.042028982716;35716.99246198803;21.07302252898941;0.0;16.74687180411872;14.52350346349599;16.420310765731;17.352632062082183;14.93424230521412
90_oil_cap;250000;54166;90.0;197724.35673189085;50.271419282711605;0;36.398501182719585;31.140933529613108;33.99308834214218;36.599411839659155;34.24606589153127;36420.95115638332;0.0;34467.363473858786;26298.978387072377;28503.06660881713;37969.16998805049;34064.827117708744;18.400879648486928;0.0;15.969191342484038;14.538648441778307;12.817814107901263;14.53360245051121;13.739864008838257
