name;tot_cap;indiv_cap;tot_oil;tot_gas;W1_choke;W2_choke;W3_choke;W4_choke;W5_choke;W6_choke;W7_choke;W1_gas_mean;W2_gas_mean;W3_gas_mean;W4_gas_mean;W5_gas_mean;W6_gas_mean;W7_gas_mean;W1_oil_mean;W2_oil_mean;W3_oil_mean;W4_oil_mean;W5_oil_mean;W6_oil_mean;W7_oil_mean;W1_factor;W2_factor;W3_factor;W4_factor;W5_factor;W6_factor;W7_factor
zero;250000;54166;0;0;0;0;0;0;0;0;0;0;0;0;0;0;0;0;0.0;0.0;0.0;0.0;0.0;0.0;0.0;inf;inf;inf;inf;inf;inf;inf
under_cap;250000;54166;113.8865708578594;242339.1032065078;72.984; 47.067; 0.0; 0.0; 47.84; 62.6; 50.34;39942.14066063432; 53520.26643866578; 0.0; 0.0; 50477.35250528395; 47852.04970749009; 50547.29389443364;28.75;des.60;0.0;0.0;21.56;24.75;18.54;-0.5717791268190656; 0.35066988712487956;inf;inf; 0.7237895962856054; -0.6669696591132893; 0.011609216584641101
w2_off;265000;54166;0;264968.390761;67.36;26.959;56.179;23.773;53.227;57.781;53.429;38615.85288;21830.576902;42377.248098;9761.626356;57257.797622;45162.580649;49962.708254;;;;;;;;;;;;;;
test;;54166;;;72.984;0;0;31.514;43.537;0;0;;;;;;;;;;;;;;;;;;;;;
over_cap_old;220000;54166;124.22509115100812;250387.55402968047;72.984;0; 40.0; 22.524; 53.227; 62.606; 53.429;40023.98813394024; 0.0; 42823.106228866214; 9828.86797049741; 51929.02727694319; 51915.69062218204; 53866.87379725138;28.753375175263123; 0.0; 18.38467788696289; 8.31471987080921; 24.397266480338487; 24.756636326307984; 19.61841541132642;0.037311035556956675;inf; -0.10504786690568053; -1.8362112235005208; -1.3461213233482072; -0.15792311486187857;inf
over_cap;220000;54166;130.289350515527;232818.3;72.984;0;63.44;31.537;38.67;62.606;0;43122.71;0;53963.4182840574;34567.88;47324.31;53840.0004130277;0;28.7533329925537;9.8209347223;27.4108512573242;12.5258448806762;27.0217868888852;24.7565997737884;0;0.0373110355569566;inf;-0.10504786690568;-1.83621122350052;-1.3461213233482;-0.157923114861878;inf
;;;;0;;27.19;;;;;;;29403.17;;;;;;;;;;;;;;;;;;;
