name;tot_cap;indiv_cap;tot_oil;tot_gas;W1_choke;W2_choke;W3_choke;W4_choke;W5_choke;W6_choke;W7_choke;W1_gas_mean;W2_gas_mean;W3_gas_mean;W4_gas_mean;W5_gas_mean;W6_gas_mean;W7_gas_mean;W1_oil_mean;W2_oil_mean;W3_oil_mean;W4_oil_mean;W5_oil_mean;W6_oil_mean;W7_oil_mean
90_oil_cap;250000;54166;90.0;197724.35673189085;50.271419282711605;0;36.398501182719585;31.140933529613108;33.99308834214218;36.599411839659155;34.24606589153127;36420.95115638332;0.0;34467.363473858786;26298.978387072377;28503.06660881713;37969.16998805049;34064.827117708744;18.400879648486928;0.0;15.969191342484038;14.538648441778307;12.817814107901263;14.53360245051121;13.739864008838257
zero;250000;54166;0;0;0;0;0;0;0;0;0;0;0;0;0;0;0;0;0;0;0;0;0;0;0
W1_W3_off;250000;54166;69.40286651286925;178992.75912935083;0;36.19838523864747;0;36.64618252326336;33.92060599280668;43.13332211299127;33.914669221152586;0.0;42168.732965861745;0.0;33856.3268899672;28709.430166034574;42197.48445637421;33820.9229194161;0.0;10.178348104810444;0.0;15.33030090015905;13.43300855636419;17.10203400834419;13.359174943191373
test;245000;54166;112.50;229046;67.36;0;40.0;28.395;38.6;51.11;40.769;36420.95115638332;0.0;34467.363473858786;26298.978387072377;28503.06660881713;37969.16998805049;34064.827117708744;18.400879648486928;0.0;15.969191342484038;14.538648441778307;12.817814107901263;14.53360245051121;13.739864008838257
test2;250000;54166;0;0;67.36;0;56.0;23.98;53.23;51.11;40.77;;;;;;;;;;;;;;
